SEXO;IDADE;FAIXA_ETARIA;ID_VITIMA
DESC;-1;IDADE DESCONHECIDA                                                                                                                                                                                                                                             ;1
DESC;15;MENORES                                                                                                                                                                                                                                                        ;2
DESC;18;ADULTOS                                                                                                                                                                                                                                                        ;3
DESC;20;ADULTOS                                                                                                                                                                                                                                                        ;4
DESC;21;ADULTOS                                                                                                                                                                                                                                                        ;5
DESC;22;ADULTOS                                                                                                                                                                                                                                                        ;6
DESC;25;ADULTOS                                                                                                                                                                                                                                                        ;7
DESC;26;ADULTOS                                                                                                                                                                                                                                                        ;8
DESC;30;ADULTOS                                                                                                                                                                                                                                                        ;9
DESC;34;ADULTOS                                                                                                                                                                                                                                                        ;10
DESC;35;ADULTOS                                                                                                                                                                                                                                                        ;11
DESC;37;ADULTOS                                                                                                                                                                                                                                                        ;12
DESC;45;ADULTOS                                                                                                                                                                                                                                                        ;13
DESC;84;IDOSOS                                                                                                                                                                                                                                                         ;14
FEM ;-1;IDADE DESCONHECIDA                                                                                                                                                                                                                                             ;15
FEM ;1;MENORES                                                                                                                                                                                                                                                        ;16
FEM ;2;MENORES                                                                                                                                                                                                                                                        ;17
FEM ;3;MENORES                                                                                                                                                                                                                                                        ;18
FEM ;4;MENORES                                                                                                                                                                                                                                                        ;19
FEM ;5;MENORES                                                                                                                                                                                                                                                        ;20
FEM ;6;MENORES                                                                                                                                                                                                                                                        ;21
FEM ;7;MENORES                                                                                                                                                                                                                                                        ;22
FEM ;8;MENORES                                                                                                                                                                                                                                                        ;23
FEM ;9;MENORES                                                                                                                                                                                                                                                        ;24
FEM ;10;MENORES                                                                                                                                                                                                                                                        ;25
FEM ;11;MENORES                                                                                                                                                                                                                                                        ;26
FEM ;12;MENORES                                                                                                                                                                                                                                                        ;27
FEM ;13;MENORES                                                                                                                                                                                                                                                        ;28
FEM ;14;MENORES                                                                                                                                                                                                                                                        ;29
FEM ;15;MENORES                                                                                                                                                                                                                                                        ;30
FEM ;16;MENORES                                                                                                                                                                                                                                                        ;31
FEM ;17;MENORES                                                                                                                                                                                                                                                        ;32
FEM ;18;ADULTOS                                                                                                                                                                                                                                                        ;33
FEM ;19;ADULTOS                                                                                                                                                                                                                                                        ;34
FEM ;20;ADULTOS                                                                                                                                                                                                                                                        ;35
FEM ;21;ADULTOS                                                                                                                                                                                                                                                        ;36
FEM ;22;ADULTOS                                                                                                                                                                                                                                                        ;37
FEM ;23;ADULTOS                                                                                                                                                                                                                                                        ;38
FEM ;24;ADULTOS                                                                                                                                                                                                                                                        ;39
FEM ;25;ADULTOS                                                                                                                                                                                                                                                        ;40
FEM ;26;ADULTOS                                                                                                                                                                                                                                                        ;41
FEM ;27;ADULTOS                                                                                                                                                                                                                                                        ;42
FEM ;28;ADULTOS                                                                                                                                                                                                                                                        ;43
FEM ;29;ADULTOS                                                                                                                                                                                                                                                        ;44
FEM ;30;ADULTOS                                                                                                                                                                                                                                                        ;45
FEM ;31;ADULTOS                                                                                                                                                                                                                                                        ;46
FEM ;32;ADULTOS                                                                                                                                                                                                                                                        ;47
FEM ;33;ADULTOS                                                                                                                                                                                                                                                        ;48
FEM ;34;ADULTOS                                                                                                                                                                                                                                                        ;49
FEM ;35;ADULTOS                                                                                                                                                                                                                                                        ;50
FEM ;36;ADULTOS                                                                                                                                                                                                                                                        ;51
FEM ;37;ADULTOS                                                                                                                                                                                                                                                        ;52
FEM ;38;ADULTOS                                                                                                                                                                                                                                                        ;53
FEM ;39;ADULTOS                                                                                                                                                                                                                                                        ;54
FEM ;40;ADULTOS                                                                                                                                                                                                                                                        ;55
FEM ;41;ADULTOS                                                                                                                                                                                                                                                        ;56
FEM ;42;ADULTOS                                                                                                                                                                                                                                                        ;57
FEM ;43;ADULTOS                                                                                                                                                                                                                                                        ;58
FEM ;44;ADULTOS                                                                                                                                                                                                                                                        ;59
FEM ;45;ADULTOS                                                                                                                                                                                                                                                        ;60
FEM ;46;ADULTOS                                                                                                                                                                                                                                                        ;61
FEM ;47;ADULTOS                                                                                                                                                                                                                                                        ;62
FEM ;48;ADULTOS                                                                                                                                                                                                                                                        ;63
FEM ;49;ADULTOS                                                                                                                                                                                                                                                        ;64
FEM ;50;ADULTOS                                                                                                                                                                                                                                                        ;65
FEM ;51;ADULTOS                                                                                                                                                                                                                                                        ;66
FEM ;52;ADULTOS                                                                                                                                                                                                                                                        ;67
FEM ;53;ADULTOS                                                                                                                                                                                                                                                        ;68
FEM ;54;ADULTOS                                                                                                                                                                                                                                                        ;69
FEM ;55;ADULTOS                                                                                                                                                                                                                                                        ;70
FEM ;56;ADULTOS                                                                                                                                                                                                                                                        ;71
FEM ;57;ADULTOS                                                                                                                                                                                                                                                        ;72
FEM ;58;ADULTOS                                                                                                                                                                                                                                                        ;73
FEM ;59;ADULTOS                                                                                                                                                                                                                                                        ;74
FEM ;60;IDOSOS                                                                                                                                                                                                                                                         ;75
FEM ;61;IDOSOS                                                                                                                                                                                                                                                         ;76
FEM ;62;IDOSOS                                                                                                                                                                                                                                                         ;77
FEM ;63;IDOSOS                                                                                                                                                                                                                                                         ;78
FEM ;64;IDOSOS                                                                                                                                                                                                                                                         ;79
FEM ;65;IDOSOS                                                                                                                                                                                                                                                         ;80
FEM ;66;IDOSOS                                                                                                                                                                                                                                                         ;81
FEM ;67;IDOSOS                                                                                                                                                                                                                                                         ;82
FEM ;68;IDOSOS                                                                                                                                                                                                                                                         ;83
FEM ;69;IDOSOS                                                                                                                                                                                                                                                         ;84
FEM ;70;IDOSOS                                                                                                                                                                                                                                                         ;85
FEM ;71;IDOSOS                                                                                                                                                                                                                                                         ;86
FEM ;72;IDOSOS                                                                                                                                                                                                                                                         ;87
FEM ;73;IDOSOS                                                                                                                                                                                                                                                         ;88
FEM ;74;IDOSOS                                                                                                                                                                                                                                                         ;89
FEM ;75;IDOSOS                                                                                                                                                                                                                                                         ;90
FEM ;76;IDOSOS                                                                                                                                                                                                                                                         ;91
FEM ;77;IDOSOS                                                                                                                                                                                                                                                         ;92
FEM ;78;IDOSOS                                                                                                                                                                                                                                                         ;93
FEM ;79;IDOSOS                                                                                                                                                                                                                                                         ;94
FEM ;80;IDOSOS                                                                                                                                                                                                                                                         ;95
FEM ;81;IDOSOS                                                                                                                                                                                                                                                         ;96
FEM ;82;IDOSOS                                                                                                                                                                                                                                                         ;97
FEM ;83;IDOSOS                                                                                                                                                                                                                                                         ;98
FEM ;84;IDOSOS                                                                                                                                                                                                                                                         ;99
FEM ;85;IDOSOS                                                                                                                                                                                                                                                         ;100
FEM ;86;IDOSOS                                                                                                                                                                                                                                                         ;101
FEM ;87;IDOSOS                                                                                                                                                                                                                                                         ;102
FEM ;88;IDOSOS                                                                                                                                                                                                                                                         ;103
FEM ;89;IDOSOS                                                                                                                                                                                                                                                         ;104
FEM ;91;IDOSOS                                                                                                                                                                                                                                                         ;105
FEM ;92;IDOSOS                                                                                                                                                                                                                                                         ;106
FEM ;93;IDOSOS                                                                                                                                                                                                                                                         ;107
FEM ;94;IDOSOS                                                                                                                                                                                                                                                         ;108
FEM ;97;IDOSOS                                                                                                                                                                                                                                                         ;109
FEM ;98;IDOSOS                                                                                                                                                                                                                                                         ;110
FEM ;99;IDOSOS                                                                                                                                                                                                                                                         ;111
MASC;-1;IDADE DESCONHECIDA                                                                                                                                                                                                                                             ;112
MASC;1;MENORES                                                                                                                                                                                                                                                        ;113
MASC;2;MENORES                                                                                                                                                                                                                                                        ;114
MASC;3;MENORES                                                                                                                                                                                                                                                        ;115
MASC;4;MENORES                                                                                                                                                                                                                                                        ;116
MASC;5;MENORES                                                                                                                                                                                                                                                        ;117
MASC;6;MENORES                                                                                                                                                                                                                                                        ;118
MASC;7;MENORES                                                                                                                                                                                                                                                        ;119
MASC;8;MENORES                                                                                                                                                                                                                                                        ;120
MASC;9;MENORES                                                                                                                                                                                                                                                        ;121
MASC;10;MENORES                                                                                                                                                                                                                                                        ;122
MASC;11;MENORES                                                                                                                                                                                                                                                        ;123
MASC;12;MENORES                                                                                                                                                                                                                                                        ;124
MASC;13;MENORES                                                                                                                                                                                                                                                        ;125
MASC;14;MENORES                                                                                                                                                                                                                                                        ;126
MASC;15;MENORES                                                                                                                                                                                                                                                        ;127
MASC;16;MENORES                                                                                                                                                                                                                                                        ;128
MASC;17;MENORES                                                                                                                                                                                                                                                        ;129
MASC;18;ADULTOS                                                                                                                                                                                                                                                        ;130
MASC;19;ADULTOS                                                                                                                                                                                                                                                        ;131
MASC;20;ADULTOS                                                                                                                                                                                                                                                        ;132
MASC;21;ADULTOS                                                                                                                                                                                                                                                        ;133
MASC;22;ADULTOS                                                                                                                                                                                                                                                        ;134
MASC;23;ADULTOS                                                                                                                                                                                                                                                        ;135
MASC;24;ADULTOS                                                                                                                                                                                                                                                        ;136
MASC;25;ADULTOS                                                                                                                                                                                                                                                        ;137
MASC;26;ADULTOS                                                                                                                                                                                                                                                        ;138
MASC;27;ADULTOS                                                                                                                                                                                                                                                        ;139
MASC;28;ADULTOS                                                                                                                                                                                                                                                        ;140
MASC;29;ADULTOS                                                                                                                                                                                                                                                        ;141
MASC;30;ADULTOS                                                                                                                                                                                                                                                        ;142
MASC;31;ADULTOS                                                                                                                                                                                                                                                        ;143
MASC;32;ADULTOS                                                                                                                                                                                                                                                        ;144
MASC;33;ADULTOS                                                                                                                                                                                                                                                        ;145
MASC;34;ADULTOS                                                                                                                                                                                                                                                        ;146
MASC;35;ADULTOS                                                                                                                                                                                                                                                        ;147
MASC;36;ADULTOS                                                                                                                                                                                                                                                        ;148
MASC;37;ADULTOS                                                                                                                                                                                                                                                        ;149
MASC;38;ADULTOS                                                                                                                                                                                                                                                        ;150
MASC;39;ADULTOS                                                                                                                                                                                                                                                        ;151
MASC;40;ADULTOS                                                                                                                                                                                                                                                        ;152
MASC;41;ADULTOS                                                                                                                                                                                                                                                        ;153
MASC;42;ADULTOS                                                                                                                                                                                                                                                        ;154
MASC;43;ADULTOS                                                                                                                                                                                                                                                        ;155
MASC;44;ADULTOS                                                                                                                                                                                                                                                        ;156
MASC;45;ADULTOS                                                                                                                                                                                                                                                        ;157
MASC;46;ADULTOS                                                                                                                                                                                                                                                        ;158
MASC;47;ADULTOS                                                                                                                                                                                                                                                        ;159
MASC;48;ADULTOS                                                                                                                                                                                                                                                        ;160
MASC;49;ADULTOS                                                                                                                                                                                                                                                        ;161
MASC;50;ADULTOS                                                                                                                                                                                                                                                        ;162
MASC;51;ADULTOS                                                                                                                                                                                                                                                        ;163
MASC;52;ADULTOS                                                                                                                                                                                                                                                        ;164
MASC;53;ADULTOS                                                                                                                                                                                                                                                        ;165
MASC;54;ADULTOS                                                                                                                                                                                                                                                        ;166
MASC;55;ADULTOS                                                                                                                                                                                                                                                        ;167
MASC;56;ADULTOS                                                                                                                                                                                                                                                        ;168
MASC;57;ADULTOS                                                                                                                                                                                                                                                        ;169
MASC;58;ADULTOS                                                                                                                                                                                                                                                        ;170
MASC;59;ADULTOS                                                                                                                                                                                                                                                        ;171
MASC;60;IDOSOS                                                                                                                                                                                                                                                         ;172
MASC;61;IDOSOS                                                                                                                                                                                                                                                         ;173
MASC;62;IDOSOS                                                                                                                                                                                                                                                         ;174
MASC;63;IDOSOS                                                                                                                                                                                                                                                         ;175
MASC;64;IDOSOS                                                                                                                                                                                                                                                         ;176
MASC;65;IDOSOS                                                                                                                                                                                                                                                         ;177
MASC;66;IDOSOS                                                                                                                                                                                                                                                         ;178
MASC;67;IDOSOS                                                                                                                                                                                                                                                         ;179
MASC;68;IDOSOS                                                                                                                                                                                                                                                         ;180
MASC;69;IDOSOS                                                                                                                                                                                                                                                         ;181
MASC;70;IDOSOS                                                                                                                                                                                                                                                         ;182
MASC;71;IDOSOS                                                                                                                                                                                                                                                         ;183
MASC;72;IDOSOS                                                                                                                                                                                                                                                         ;184
MASC;73;IDOSOS                                                                                                                                                                                                                                                         ;185
MASC;74;IDOSOS                                                                                                                                                                                                                                                         ;186
MASC;75;IDOSOS                                                                                                                                                                                                                                                         ;187
MASC;76;IDOSOS                                                                                                                                                                                                                                                         ;188
MASC;77;IDOSOS                                                                                                                                                                                                                                                         ;189
MASC;78;IDOSOS                                                                                                                                                                                                                                                         ;190
MASC;79;IDOSOS                                                                                                                                                                                                                                                         ;191
MASC;80;IDOSOS                                                                                                                                                                                                                                                         ;192
MASC;81;IDOSOS                                                                                                                                                                                                                                                         ;193
MASC;82;IDOSOS                                                                                                                                                                                                                                                         ;194
MASC;83;IDOSOS                                                                                                                                                                                                                                                         ;195
MASC;84;IDOSOS                                                                                                                                                                                                                                                         ;196
MASC;85;IDOSOS                                                                                                                                                                                                                                                         ;197
MASC;86;IDOSOS                                                                                                                                                                                                                                                         ;198
MASC;87;IDOSOS                                                                                                                                                                                                                                                         ;199
MASC;88;IDOSOS                                                                                                                                                                                                                                                         ;200
MASC;89;IDOSOS                                                                                                                                                                                                                                                         ;201
MASC;90;IDOSOS                                                                                                                                                                                                                                                         ;202
MASC;91;IDOSOS                                                                                                                                                                                                                                                         ;203
MASC;93;IDOSOS                                                                                                                                                                                                                                                         ;204
MASC;94;IDOSOS                                                                                                                                                                                                                                                         ;205
MASC;95;IDOSOS                                                                                                                                                                                                                                                         ;206
MASC;98;IDOSOS                                                                                                                                                                                                                                                         ;207
MASC;99;IDOSOS                                                                                                                                                                                                                                                         ;208
